{"cameraMode":{"drawMode":0,"name":"Shaded","section":"Shading Mode"},"sceneLighting":false,"audioPlay":false,"sceneViewState":{"showFog":true,"showMaterialUpdate":false,"showSkybox":true,"showFlares":true,"showImageEffects":true,"showParticleSystems":true},"in2DMode":false,"pivot":{"x":216.98794555664063,"y":-202.4335479736328,"z":388.2997131347656},"rotation":{"x":-0.34295767545700076,"y":-0.10387920588254929,"z":0.03821787238121033,"w":-0.9328551292419434},"size":413.3092956542969,"orthographic":false}
