{"cameraMode":{"drawMode":0,"name":"Shaded","section":"Shading Mode"},"sceneLighting":false,"audioPlay":false,"sceneViewState":{"showFog":true,"showMaterialUpdate":false,"showSkybox":true,"showFlares":true,"showImageEffects":true,"showParticleSystems":true},"in2DMode":false,"pivot":{"x":492.7102966308594,"y":214.1573486328125,"z":-366.1938781738281},"rotation":{"x":0.07113702595233917,"y":-0.003561303485184908,"z":-0.0000441431620856747,"w":-0.997525691986084},"size":195.0319366455078,"orthographic":false}