{"cameraMode":{"drawMode":0,"name":"Shaded","section":"Shading Mode"},"sceneLighting":false,"audioPlay":false,"sceneViewState":{"showFog":true,"showMaterialUpdate":false,"showSkybox":true,"showFlares":true,"showImageEffects":true,"showParticleSystems":true},"in2DMode":false,"pivot":{"x":13.56617546081543,"y":-7.731119632720947,"z":20.39008331298828},"rotation":{"x":0.2950900197029114,"y":0.33108940720558169,"z":-0.10984722524881363,"w":0.8895555734634399},"size":22.0,"orthographic":false}