{"cameraMode":{"drawMode":0,"name":"Shaded","section":"Shading Mode"},"sceneLighting":false,"audioPlay":false,"sceneViewState":{"showFog":true,"showMaterialUpdate":false,"showSkybox":true,"showFlares":true,"showImageEffects":true,"showParticleSystems":true},"in2DMode":false,"pivot":{"x":9.20304012298584,"y":-6.03620719909668,"z":24.405349731445314},"rotation":{"x":0.26524102687835696,"y":0.18732163310050965,"z":-0.052625179290771487,"w":0.9443850517272949},"size":22.0,"orthographic":false}