{"cameraMode":{"drawMode":0,"name":"Shaded","section":"Shading Mode"},"sceneLighting":false,"audioPlay":false,"sceneViewState":{"showFog":true,"showMaterialUpdate":false,"showSkybox":true,"showFlares":true,"showImageEffects":true,"showParticleSystems":true},"in2DMode":false,"pivot":{"x":-6.253349304199219,"y":-83.13275146484375,"z":0.1769866943359375},"rotation":{"x":-0.14332091808319093,"y":0.8433833122253418,"z":-0.2755570411682129,"w":-0.4385453462600708},"size":177.61146545410157,"orthographic":false}