{"cameraMode":{"drawMode":0,"name":"Shaded","section":"Shading Mode"},"sceneLighting":false,"audioPlay":false,"sceneViewState":{"showFog":true,"showMaterialUpdate":false,"showSkybox":true,"showFlares":true,"showImageEffects":true,"showParticleSystems":true},"in2DMode":false,"pivot":{"x":324.968017578125,"y":8.18911361694336,"z":291.2023010253906},"rotation":{"x":0.28335821628570559,"y":-0.01477909367531538,"z":0.004168863408267498,"w":0.9589536786079407},"size":26.500856399536134,"orthographic":false}