{"cameraMode":{"drawMode":0,"name":"Shaded","section":"Shading Mode"},"sceneLighting":false,"audioPlay":false,"sceneViewState":{"showFog":true,"showMaterialUpdate":false,"showSkybox":true,"showFlares":true,"showImageEffects":true,"showParticleSystems":true},"in2DMode":false,"pivot":{"x":399.21282958984377,"y":-47.285614013671878,"z":279.3075866699219},"rotation":{"x":0.17806781828403474,"y":0.7744823098182678,"z":-0.24925349652767182,"w":0.5536065697669983},"size":121.54576110839844,"orthographic":false}