{"cameraMode":{"drawMode":0,"name":"Shaded","section":"Shading Mode"},"sceneLighting":false,"audioPlay":false,"sceneViewState":{"showFog":true,"showMaterialUpdate":false,"showSkybox":true,"showFlares":true,"showImageEffects":true,"showParticleSystems":true},"in2DMode":false,"pivot":{"x":27.442846298217775,"y":-46.083221435546878,"z":75.9769058227539},"rotation":{"x":0.18087685108184815,"y":-0.7512560486793518,"z":0.229243203997612,"w":0.5919979810714722},"size":137.33743286132813,"orthographic":false}