{"cameraMode":{"drawMode":0,"name":"Shaded","section":"Shading Mode"},"sceneLighting":false,"audioPlay":false,"sceneViewState":{"showFog":true,"showMaterialUpdate":false,"showSkybox":true,"showFlares":true,"showImageEffects":true,"showParticleSystems":true},"in2DMode":false,"pivot":{"x":-9.356884002685547,"y":9.34769058227539,"z":6.969306468963623},"rotation":{"x":-0.13064263761043549,"y":-0.5772500038146973,"z":0.09428456425666809,"w":-0.8005714416503906},"size":2.1063859462738039,"orthographic":false}
