{"cameraMode":{"drawMode":0,"name":"Shaded","section":"Shading Mode"},"sceneLighting":false,"audioPlay":false,"sceneViewState":{"showFog":true,"showMaterialUpdate":false,"showSkybox":true,"showFlares":true,"showImageEffects":true,"showParticleSystems":true},"in2DMode":false,"pivot":{"x":177.59625244140626,"y":-67.04643249511719,"z":139.37518310546876},"rotation":{"x":-0.24274738132953645,"y":-0.4359626770019531,"z":0.1234583929181099,"w":-0.8578211665153503},"size":177.61146545410157,"orthographic":false}